"","Year","Tesla sales in 1000 units","pred_sales"
"1",2016,75.9,95.5204522885903
"2",2017,103.1,161.187563003284
"3",2018,244.9,269.362745750475
"4",2019,367.2,442.881593423055
"5",2020,499,709.033424337653
"6",2021,935.95,1087.91392360471
"7",2022,1313.86,1564.47932471637
"8",2023,1808.59,2050.88800767228
